Website,Status,Archived Block Message[0],Archived Block Message[1],Block Message Screenshot,Website Archives[0],Website Archives[1]
http://abington.wickedlocal.com,Unavailable,,,,,
http://acton.wickedlocal.com,Unavailable,,,,,
http://agcanada.com,Unavailable,,,,,
http://albertafarmexpress.ca,Unavailable,https://archive.fo/ZYS2g,,,,
http://allston.wickedlocal.com,Unavailable,,,,,
https://americanmilitarynews.com,Available,https://archive.fo/CN9zx,,,,
http://arlington.wickedlocal.com,Unavailable,,,,,
http://baycitytribune.com,Available,https://archive.fo/mVrhw,,,,
http://baytownsun.com,Unavailable,,,,,
http://bedford.wickedlocal.com,Unavailable,,,,,
http://bellingham.wickedlocal.com,Unavailable,,,,,
http://belmont.wickedlocal.com,Unavailable,,,,,
http://beverly.wickedlocal.com,Unavailable,,,,,
http://billerica.wickedlocal.com,Unavailable,,,,,
http://blog.chron.com,Unavailable,,,,,
http://bloxcms.com,Unavailable,,,,,
http://bolivarmonews.com,Unavailable,,,,,
http://bourne.wickedlocal.com,Unavailable,,,,,
http://boxford.wickedlocal.com,Unavailable,,,,,
http://braintree.wickedlocal.com,Unavailable,,,,,
http://bransontrilakesnews.com,Unavailable,,,,,
http://brewster.wickedlocal.com,Unavailable,,,,,
http://bridgewater.wickedlocal.com,Unavailable,,,,,
http://brookline.wickedlocal.com,Unavailable,,,,,
http://burlington.wickedlocal.com,Unavailable,,,,,
http://cambridge.wickedlocal.com,Unavailable,,,,,
http://canadiancattlemen.ca,Unavailable,,,,,
http://canton.wickedlocal.com,Unavailable,,,,,
http://carver.wickedlocal.com,Unavailable,,,,,
http://cedarrepublican.com,Unavailable,,,,,
http://chelmsford.wickedlocal.com,Unavailable,,,,,
http://cohasset.wickedlocal.com,Unavailable,,,,,
http://concord.wickedlocal.com,Unavailable,,,,,
http://country-guide.ca,Unavailable,https://archive.fo/1ScjP,,,,
http://dailysentinel.com,Unavailable,,,,,
http://dailytimes.com,Unavailable,,,,,
http://danvers.wickedlocal.com,Unavailable,,,,,
http://dedham.wickedlocal.com,Unavailable,,,,,
http://delrionewsherald.com,Unavailable,,,,,
http://dover.wickedlocal.com,Unavailable,,,,,
http://easton.wickedlocal.com,Unavailable,,,,,
http://falmouth.wickedlocal.com,Unavailable,,,,,
http://fiddleheadfocus.com,Unavailable,https://archive.fo/PafrG,,,,
http://foodincanada.com,Unavailable,https://archive.fo/iFuPs,,,,
http://fortcampbellcourier.com,Unavailable,,,,,
http://georgetown.wickedlocal.com,Unavailable,,,,,
http://gloucester.wickedlocal.com,Unavailable,,,,,
http://grainews.ca,Unavailable,https://archive.fo/7LUnr,,,,
http://hamilton.wickedlocal.com,Unavailable,,,,,
http://hanover.wickedlocal.com,Unavailable,,,,,
http://harrisondaily.com,Unavailable,,,,,
http://herald-zeitung.com,Unavailable,,,,,
http://heralddemocrat.com,Unavailable,,,,,
http://hingham.wickedlocal.com,Unavailable,,,,,
http://holbrook.wickedlocal.com,Unavailable,,,,,
http://hollandsentinel.com,Unavailable,,,,,
http://homenewshere.com,Unavailable,https://archive.is/y8oMO,,,,
http://hopkinton.wickedlocal.com,Unavailable,,,,,
http://hudson.wickedlocal.com,Unavailable,,,,,
http://ipswich.wickedlocal.com,Unavailable,,,,,
http://jcsentinel.com,Unavailable,,,,,
http://katytimes.com,Unavailable,,,,,
http://kdhnews.com,Available,,,,,
http://kingston.wickedlocal.com,Unavailable,,,,,
http://kokomoperspective.com,Unavailable,https://archive.fo/I9cjR,,,,
http://lebulletin.com,Unavailable,,,,,
http://lexington.wickedlocal.com,Unavailable,,,,,
http://lincoln.wickedlocal.com,Unavailable,,,,,
http://littleton.wickedlocal.com,Unavailable,,,,,
http://lufkindailynews.com,Unavailable,,,,,
http://malden.wickedlocal.com,Unavailable,,,,,
http://manitobacooperator.ca,Unavailable,,,,,
http://mansfield.wickedlocal.com,Unavailable,,,,,
http://marblehead.wickedlocal.com,Unavailable,,,,,
http://marion.wickedlocal.com,Unavailable,,,,,
http://marlborough.wickedlocal.com,Unavailable,,,,,
http://marshfield.wickedlocal.com,Unavailable,,,,,
http://maynard.wickedlocal.com,Unavailable,,,,,
http://medfield.wickedlocal.com,Unavailable,,,,,
http://medford.wickedlocal.com,Unavailable,,,,,
http://melrose.wickedlocal.com,Unavailable,,,,,
http://metrowestdailynews.com,Unavailable,,,,,
http://natick.wickedlocal.com,Unavailable,,,,,
http://needham.wickedlocal.com,Unavailable,,,,,
http://newburyport.wickedlocal.com,Unavailable,,,,,
http://newton.wickedlocal.com,Unavailable,,,,,
http://norfolkdailynews.com,Available,,,,,
http://northandover.wickedlocal.com,Unavailable,,,,,
http://northattleborough.wickedlocal.com,Unavailable,,,,,
http://northborough.wickedlocal.com,Unavailable,,,,,
http://norwell.wickedlocal.com,Unavailable,,,,,
http://norwood.wickedlocal.com,Unavailable,,,,,
http://pembroke.wickedlocal.com,Unavailable,,,,,
http://plymouth.wickedlocal.com,Unavailable,,,,,
http://plympton.wickedlocal.com,Unavailable,,,,,
http://producer.com,Unavailable,,,,,
http://provincetown.wickedlocal.com,Unavailable,,,,,
http://randolph.wickedlocal.com,Unavailable,,,,,
http://raynham.wickedlocal.com,Unavailable,,,,,
http://reading.wickedlocal.com,Unavailable,,,,,
http://recordnet.com,Unavailable,,,,,
http://rockland.wickedlocal.com,Unavailable,,,,,
http://roslindale.wickedlocal.com,Unavailable,,,,,
http://salem.wickedlocal.com,Unavailable,,,,,
http://sandwich.wickedlocal.com,Unavailable,,,,,
http://saugus.wickedlocal.com,Unavailable,,,,,
http://scituate.wickedlocal.com,Unavailable,,,,,
http://seguingazette.com,Unavailable,,,,,
http://sharon.wickedlocal.com,Unavailable,,,,,
http://shrewsbury.wickedlocal.com,Unavailable,,,,,
http://somerville.wickedlocal.com,Unavailable,,,,,
http://stoneham.wickedlocal.com,Unavailable,,,,,
http://stoughton.wickedlocal.com,Unavailable,,,,,
http://sudbury.wickedlocal.com,Unavailable,,,,,
http://swampscott.wickedlocal.com,Unavailable,,,,,
http://tbrnews.com,Unavailable,,,,,
http://tewksbury.wickedlocal.com,Unavailable,,,,,
http://thechiefleader.com,Unavailable,,,,,
http://thefacts.com,Unavailable,,,,,
https://themercury.com,Unavailable,,,,,
http://theparisnews.com,Unavailable,,,,,
https://times-journal.com,Unavailable,https://archive.fo/Kn9gc,,,,
http://tva.canoe.ca,Unavailable,,,,,
http://wakefield.wickedlocal.com,Unavailable,,,,,
http://walpole.wickedlocal.com,Unavailable,,,,,
http://waltham.wickedlocal.com,Unavailable,,,,,
http://wareham.wickedlocal.com,Unavailable,,,,,
http://watertown.wickedlocal.com,Unavailable,,,,,
http://wayland.wickedlocal.com,Unavailable,,,,,
http://wellesley.wickedlocal.com,Unavailable,,,,,
http://west-roxbury.wickedlocal.com,Unavailable,,,,,
http://westborough.wickedlocal.com,Unavailable,,,,,
http://westford.wickedlocal.com,Unavailable,,,,,
http://weston.wickedlocal.com,Unavailable,,,,,
http://westwood.wickedlocal.com,Unavailable,,,,,
http://weymouth.wickedlocal.com,Unavailable,,,,,
http://wilmington.wickedlocal.com,Unavailable,,,,,
http://winchester.wickedlocal.com,Unavailable,,,,,
http://wire.lee.net,Unavailable,,,,,
http://woburn.wickedlocal.com,Unavailable,,,,,
http://www.13newsnow.com,Unavailable,,,,,
http://www.abilene-rc.com,Unavailable,,,,,
http://www.ack.net,Unavailable,,,,,
http://www.adelnews.com,Unavailable,,,,,
http://www.advocateanddemocrat.com,Unavailable,,,,,
https://www.advocatepress.com,Available,,,,,
http://www.agrinews-pubs.com,Available,https://archive.fo/gkzWx,,,,
http://www.ahwatukee.com,Unavailable,,,,,
http://www.aimmediatexas.com,Unavailable,https://archive.fo/ZfcyS,,,,
http://www.airthinx.io,Unavailable,https://archive.fo/Sk0Ry,,,,
https://www.aledotimesrecord.com,Available,,,,,
http://www.alliancetimes.com,Unavailable,https://archive.fo/0IOYB,,,,
http://www.alvinsun.net,Unavailable,,,,,
http://www.amestrib.com,Unavailable,,,,,
https://www.apg-wi.com,Unavailable,,,,,
http://www.ashleycountyledger.com,Unavailable,,,,,
http://www.atchisonglobenow.com,Unavailable,,,,,
http://www.auburnjournal.com,Available,https://archive.fo/2zXMw,,,,
http://www.augustagazette.com,Unavailable,,,,,
http://www.auroraadvertiser.net,Unavailable,,,,,
http://www.barnesville-enterprise.com,Unavailable,,,,,
http://www.barnstablepatriot.com,Unavailable,,,,,
https://www.bastropenterprise.com,Available,,,,,
https://www.bcdemocratonline.com,Available,,,,,
https://www.beauregarddailynews.net,Available,,,,,
http://www.belgrade-news.com,Unavailable,,,,,
https://www.bhpioneer.com,Unavailable,https://archive.fo/v0Fjp,,,,
http://www.bigbeargrizzly.net,Unavailable,,,,,
http://www.boonevilledemocrat.com,Unavailable,,,,,
http://www.boonvilledailynews.com,Unavailable,,,,,
http://www.bradfordera.com,Unavailable,,,,,
http://www.brenhambanner.com,Unavailable,,,,,
https://www.buckscountycouriertimes.com,Available,,,,,
http://www.buckslocalnews.com,Unavailable,,,,,
http://www.buffalobulletin.com,Unavailable,,,,,
https://www.burlingtoncountytimes.com,Available,,,,,
http://www.burnettcountysentinel.com,Unavailable,,,,,
http://www.businessnorth.com,Unavailable,,,,,
http://www.butlercountytimesgazette.com,Unavailable,,,,,
http://www.calaverasenterprise.com,Unavailable,,,,,
https://www.cambridgechron.com,Available,,,,,
http://www.camplejeuneglobe.com,Unavailable,,,,,
https://www.cantondailyledger.com,Available,,,,,
https://www.caranddriver.com,Available,,,,,
https://www.carmitimes.com,Available,https://archive.fo/1Ih03,,,,
http://www.carolinacoastonline.com,Unavailable,,,,,
http://www.carthagepress.com,Unavailable,,,,,
http://www.caswellmessenger.com,Unavailable,,,,,
http://www.ccenterdispatch.com,Unavailable,,,,,
http://www.centraljersey.com,Unavailable,https://archive.is/Xrf1G,,,,
http://www.championnewspapers.com,Unavailable,https://archive.is/5K8bZ,,,,
http://www.charlestonexpress.com,Unavailable,https://archive.is/AyeIC,,,,
http://www.cheboygannews.com,Unavailable,,,,,
http://www.chillicothenews.com,Unavailable,,,,,
https://www.chillicothetimesbulletin.com,Available,,,,,
http://www.choteauacantha.com,Unavailable,,,,,
https://www.chronicle-express.com,Available,,,,,
http://www.chroniclejournal.com,Available,,,,,
http://www.chronline.com,Unavailable,,,,,
http://www.cnweekly.com,Unavailable,https://archive.is/jt1JA,,,,
http://www.codyenterprise.com,Unavailable,https://archive.fo/dcZDP,,,,
http://www.collectorsjournal.com,Unavailable,,,,,
http://www.collegiatetimes.com,Unavailable,https://archive.fo/v8862,,,,
https://columbiachronicle.com,Available,https://archive.fo/pArYw,,,,
http://www.columbiatribune.com,Unavailable,,,,,
http://www.communitynewspapergroup.com,Unavailable,,,,,
http://www.coronadonewsca.com,Unavailable,,,,,
http://www.covingtonleader.com,Unavailable,,,,,
http://www.cpioneer.com,Unavailable,,,,,
http://www.creightonnews.com,Unavailable,https://archive.fo/E6Ue2,,,,
https://www.crookstontimes.com,Available,https://archive.is/utVQq,,,,
http://www.ctnewsonline.com,Unavailable,,,,,
https://www.ctpost.com,Available,,,,,
http://www.dailyhelmsman.com,Unavailable,https://archive.fo/Meg9q,,,,
http://www.dailynebraskan.com,Unavailable,,,,,
http://www.dailystarjournal.com,Unavailable,,,,,
http://www.dailytoreador.com,Unavailable,https://archive.fo/7XU7g,,,,
http://www.dailyuw.com,Unavailable,,,,,
https://www.dansvilleonline.com,Available,,,,,
http://www.dchieftain.com,Unavailable,,,,,
https://www.ddtonline.com,Available,https://archive.fo/NxTLn,,,,
http://www.delconewsnetwork.com,Unavailable,,,,,
http://www.derbyinformer.com,Unavailable,,,,,
http://www.desototimes.com,Unavailable,,,,,
http://www.devilslakejournal.com,Unavailable,,,,,
https://www.djournal.com,Unavailable,,,,,
http://www.dnronline.com,Unavailable,,,,,
http://www.dodgeglobe.com,Unavailable,,,,,
https://www.donaldsonvillechief.com,Available,,,,,
https://www.doverpost.com,Available,,,,,
http://www.dyersvillecommercial.com,Unavailable,,,,,
http://www.easterniowashoppingnews.com,Unavailable,,,,,
https://www.eastpeoriatimescourier.com,Available,https://archive.fo/yM3GP,,,,
http://www.eastvalleytribune.com,Unavailable,https://archive.is/i7m3k,,,,
https://www.echo-pilot.com,Available,,,,,
http://www.egcitizen.com,Unavailable,https://archive.is/3trSv,,,,
http://www.eldoradotimes.com,Unavailable,,,,,
http://www.elextratx.com,Unavailable,,,,,
https://www.ellwoodcityledger.com,Available,,,,,
http://www.elnuevoheraldo.com,Unavailable,https://archive.fo/lXI8g,,,,
http://www.elpasoinc.com,Unavailable,,,,,
http://www.emissourian.com,Unavailable,https://archive.fo/eLdtO,,,,
http://www.emporiagazette.com,Unavailable,,,,,
http://www.enterprise-journal.com,Unavailable,,,,,
http://www.enterprisepub.com,Unavailable,https://archive.fo/p8na2,,,,
http://www.esubulletin.com,Unavailable,,,,,
https://www.eveningtribune.com,Available,https://archive.fo/8QkRe,,,,
http://www.examiner.net,Unavailable,,,,,
http://www.fairfaxtimes.com,Unavailable,,,,,
https://www.fbherald.com,Unavailable,,,,,
https://www.feastmagazine.com,Unavailable,https://archive.is/Oc9b1,,,,
http://www.floydct.com,Unavailable,,,,,
https://www.fltimes.com,Unavailable,,,,,
http://www.forthoodsentinel.com,Unavailable,https://archive.fo/qgQYF,,,,
http://www.fortworthbusiness.com,Unavailable,https://archive.fo/VqdvQ,,,,
https://www.fosters.com,Available,,,,,
https://www.fowlertribune.com,Available,,,,,
http://www.galesburg.com,Unavailable,,,,,
http://www.galtheraldonline.com,Unavailable,,,,,
https://www.galvanews.com,Available,,,,,
http://www.gannett.com,Unavailable,,,,,
http://www.gazettes.com,Unavailable,https://archive.fo/AoJ1f,,,,
http://www.gctelegram.com,Unavailable,,,,,
https://www.geneseorepublic.com,Available,,,,,
http://www.gettysburgtimes.com,Unavailable,,,,,
http://www.gladstonedispatch.com,Unavailable,https://archive.fo/NXlag,,,,
http://www.glendalestar.com,Unavailable,https://archive.fo/ZXK5v,,,,
http://www.goerie.com,Unavailable,,,,,
http://www.goldenstatenewspapers.com,Unavailable,,,,,
https://www.grandrapidsmn.com,Unavailable,,,,,
https://www.granitefallsnews.com,Available,,,,,
http://www.greenacressells.com,Unavailable,https://archive.fo/cGumy,,,,
https://www.greenwichtime.com,Available,,,,,
http://www.greenwooddemocrat.com,Unavailable,,,,,
http://www.gridleyherald.com,Available,,,,,
http://www.groupetva.ca,Unavailable,,,,,
http://www.gwcommonwealth.com,Unavailable,,,,,
http://www.hamburgreporter.com,Unavailable,,,,,
http://www.hannapub.com,Unavailable,,,,,
http://www.hannibal.net,Unavailable,,,,,
http://www.hartfordcitynewstimes.com,Unavailable,,,,,
http://www.hastingstribune.com,Unavailable,,,,,
http://www.hdnews.net,Unavailable,,,,,
http://www.helena-arkansas.com,Unavailable,,,,,
https://www.herald-dispatch.com,Unavailable,,,,,
https://www.heraldbulletin.com,Unavailable,,,,,
http://www.heraldnews.com,Unavailable,,,,,
http://www.hiawathaworldonline.com,Unavailable,,,,,
https://www.hibbingmn.com,Unavailable,,,,,
http://www.hidesertstar.com,Unavailable,,,,,
http://www.hillsborobanner.com,Unavailable,,,,,
http://www.hillsdale.net,Unavailable,,,,,
http://www.hngnews.com,Unavailable,,,,,
https://www.hockessincommunitynews.com,Available,,,,,
http://www.holtindependent.com,Unavailable,,,,,
http://www.hopestar.com,Unavailable,,,,,
https://www.hpj.com,Unavailable,,,,,
http://www.hsvvoice.com,Unavailable,,,,,
http://www.hutchnews.com,Unavailable,,,,,
http://www.ifiberone.com,Unavailable,,,,,
http://www.independentnews.com,Unavailable,,,,,
http://www.independentri.com,Available,,,,,
http://www.indexjournal.com,Unavailable,,,,,
http://www.indianapolisrecorder.com,Unavailable,,,,,
http://www.insidenova.com,Unavailable,,,,,
http://www.insideradio.com,Available,,,,,
http://www.ioniannews.com,Unavailable,,,,,
http://www.iosconews.com,Unavailable,,,,,
http://www.iowastatedaily.com,Available,,,,,
http://www.jacksonnewspapers.com,Unavailable,,,,,
http://www.jcdailyunion.com,Unavailable,,,,,
http://www.jewishaz.com,Unavailable,,,,,
http://www.journal-times.com,Unavailable,https://archive.fo/d1SrB,,,,
http://www.journaldemocrat.com,Unavailable,,,,,
https://www.journaldequebec.com,Available,,,,,
http://www.journalreview.com,Unavailable,,,,,
http://www.journalstandard.com,Unavailable,,,,,
http://www.kagstv.com,Unavailable,,,,,
http://www.kansan.com,Unavailable,,,,,
http://www.kelownadailycourier.ca,Available,,,,,
https://www.kentuckybarkleynews.com,Unavailable,,,,,
http://www.kentuckynewera.com,Unavailable,,,,,
http://www.kentwired.com,Unavailable,,,,,
http://www.kiiitv.com,Unavailable,,,,,
http://www.kiowacountysignal.com,Unavailable,,,,,
http://www.kirksvilledailyexpress.com,Unavailable,,,,,
http://www.kmaland.com,Available,,,,,
http://www.kodiakdailymirror.com,Unavailable,,,,,
https://www.kokomotribune.com,Unavailable,,,,,
http://www.kykernel.com,Unavailable,,,,,
http://www.ladowntownnews.com,Unavailable,https://archive.fo/7Kp67,,,,
https://www.laduenews.com,Unavailable,,,,,
https://www.lajuntatribunedemocrat.com,Available,,,,,
http://www.lakecountyexam.com,Unavailable,,,,,
https://www.lakegenevanews.net,Unavailable,,,,,
http://www.lakenewsonline.com,Unavailable,,,,,
http://www.laloyolan.com,Unavailable,,,,,
https://www.laramieboomerang.com,Unavailable,,,,,
https://www.latimes.com,Available,https://archive.fo/odnEN,https://web.archive.org/web/20180811182650/http://www.tronc.com/gdpr/latimes.com/,,,
http://www.leader-news.com,Unavailable,,,,,
http://www.leavenworthtimes.com,Unavailable,,,,,
http://www.leeclarion.com,Unavailable,,,,,
https://www.leesvilledailyleader.com,Available,,,,,
http://www.lenconnect.com,Unavailable,,,,,
http://www.lincolncourier.com,Unavailable,,,,,
http://www.linkbostonhomes.com,Unavailable,,,,,
http://www.linncountyleader.com,Unavailable,,,,,
http://www.lmtonline.com,Unavailable,,,,,
http://www.lsunow.com,Unavailable,,,,,
http://www.magnoliareporter.com,Unavailable,,,,,
http://www.mainlinemedianews.com,Unavailable,,,,,
http://www.malibutimes.com,Unavailable,,,,,
http://www.manchesterpress.com,Unavailable,,,,,
http://www.mankatofreepress.com,Unavailable,,,,,
http://www.manoanow.org,Unavailable,,,,,
http://www.marinscope.com,Available,,,,,
http://www.marysvilleonline.net,Unavailable,,,,,
http://www.maryvilleforum.com,Unavailable,,,,,
https://www.mcdonoughvoice.com,Available,,,,,
http://www.mcphersonsentinel.com,Unavailable,,,,,
http://www.mebaneenterprise.com,Unavailable,,,,,
https://www.messagemedia.co,Unavailable,https://archive.fo/0dmsw,https://web.archive.org/web/20180807160552/http://www.tronc.com/gdpr/mcall.com/,,,
http://www.messenger-inquirer.com,Unavailable,,,,,
http://www.mexicoledger.com,Unavailable,,,,,
http://www.michigansthumb.com,Unavailable,,,,,
https://www.middletownpress.com,Available,,,,,
https://www.middletowntranscript.com,Available,,,,,
https://www.milfordbeacon.com,Available,,,,,
http://www.milforddailynews.com,Unavailable,,,,,
http://www.mingomessenger.com,Unavailable,,,,,
http://www.minicassia.com,Unavailable,,,,,
http://www.mississippivalleypublishing.com,Unavailable,,,,,
http://www.moabsunnews.com,Unavailable,,,,,
http://www.moberlymonitor.com,Unavailable,https://archive.fo/oBl8n,,,,
http://www.mohavedailynews.com,Unavailable,,,,,
https://www.monroecopost.com,Available,,,,,
http://www.monroenews.com,Unavailable,,,,,
http://www.montanakaimin.com,Unavailable,,,,,
https://www.montenews.com,Available,,,,,
http://www.montereycountyweekly.com,Unavailable,,,,,
http://www.montgomerynews.com,Unavailable,,,,,
http://www.morning-times.com,Unavailable,,,,,
http://www.morningsun.net,Unavailable,,,,,
https://www.mortontimesnews.com,Available,https://archive.fo/SxHOH,,,,
https://www.moscowvillager.com,Available,,,,,
http://www.mountain-news.com,Unavailable,https://archive.is/fkNLr,,,,
https://www.mpnnow.com,Available,,,,,
http://www.mrt.com,Unavailable,,,,,
https://www.mtshastanews.com,Available,,,,,
http://www.mycouriertribune.com,Unavailable,,,,,
http://www.mypatriotnews.com,Unavailable,,,,,
http://www.myplainview.com,Unavailable,,,,,
http://www.mytownneo.com,Unavailable,,,,,
http://www.ncnewsonline.com,Unavailable,https://archive.fo/IgsRA,,,,
http://www.ncnewspress.com,Unavailable,,,,,
https://www.neagle.com,Available,,,,,
http://www.neoshodailynews.com,Unavailable,https://archive.fo/klnaM,,,,
http://www.nevadaiowajournal.com,Unavailable,,,,,
http://www.newcomerstown-news.com,Unavailable,,,,,
https://www.newjerseyhills.com,Unavailable,,,,,
http://www.newportindependent.com,Unavailable,,,,,
http://www.newportplaintalk.com,Unavailable,,,,,
http://www.news-bulletin.com,Unavailable,,,,,
http://www.news-graphic.com,Unavailable,,,,,
http://www.newsbug.info,Unavailable,,,,,
http://www.newsminer.com,Unavailable,,,,,
http://www.newsoforange.com,Unavailable,,,,,
http://www.newspressnow.com,Unavailable,,,,,
https://www.newsrecord.org,Unavailable,,,,,
http://www.newsrepublican.com,Unavailable,https://archive.fo/DGYj3,,,,
https://www.newstimes.com,Available,,,,,
http://www.newstrib.com,Available,,,,,
http://www.newstribune.info,Unavailable,,,,,
https://www.nhregister.com,Available,,,,,
http://www.northneighbornews.com,Unavailable,,,,,
http://www.northwestgeorgianews.com,Unavailable,,,,,
http://www.norwichbulletin.com,Unavailable,,,,,
http://www.nydailynews.com,Available,,,,,
http://www.ocolly.com,Unavailable,,,,,
http://www.oconeeenterprise.com,Unavailable,,,,,
http://www.oleantimesherald.com,Unavailable,,,,,
https://www.olneydailymail.com,Available,https://archive.fo/TuLus,https://web.archive.org/web/20180811095120/http://www.tronc.com/gdpr/nydailynews.com/,,,
http://www.orangemedianetwork.com,Unavailable,,,,,
https://www.oriongazette.com,Available,,,,,
http://www.oswegocountynewsnow.com,Unavailable,,,,,
http://www.ottawaherald.com,Unavailable,,,,,
http://www.oudaily.com,Unavailable,,,,,
http://www.ourmidland.com,Unavailable,,,,,
https://www.paducahsun.com,Unavailable,,,,,
http://www.paris-express.com,Unavailable,,,,,
http://www.parispi.net,Unavailable,,,,,
http://www.patriotledger.com,Unavailable,,,,,
http://www.pbcommercial.com,Unavailable,,,,,
https://www.pekintimes.com,Available,,,,,
http://www.pentictonherald.ca,Available,,,,,
http://www.perryvillenews.com,Unavailable,,,,,
http://www.philadelphiaweekly.com,Unavailable,,,,,
https://www.phillytrib.com,Unavailable,,,,,
http://www.picayune-times.com,Unavailable,,,,,
http://www.pinecitymn.com,Unavailable,,,,,
http://www.poconorecord.com,Unavailable,,,,,
https://www.pontiacdailyleader.com,Available,https://archive.fo/sX0UY,,,,
http://www.portlavacawave.com,Unavailable,,,,,
https://www.postsouth.com,Available,,,,,
http://www.pratttribune.com,Unavailable,,,,,
http://www.pressandguide.com,Unavailable,,,,,
http://www.pressargus.com,Unavailable,,,,,
https://www.pressmentor.com,Available,,,,,
http://www.progress-index.com,Unavailable,,,,,
http://www.providencejournal.com,Unavailable,,,,,
https://www.ptleader.com,Available,,,,,
https://www.qchron.com,Unavailable,,,,,
https://www.redwoodfallsgazette.com,Available,,,,,
http://www.reflector-online.com,Unavailable,,,,,
http://www.republic-online.com,Unavailable,,,,,
http://www.reviewatlas.com,Unavailable,,,,,
https://www.ridgecrestca.com,Available,,,,,
http://www.riograndesun.com,Unavailable,,,,,
http://www.rrobserver.com,Available,,,,,
http://www.rrstar.com,Unavailable,,,,,
http://www.salamancapress.com,Unavailable,,,,,
http://www.salina.com,Unavailable,,,,,
http://www.sandmountainreporter.com,Unavailable,,,,,
http://www.sanfernandosun.com,Unavailable,,,,,
https://www.santafenewmexican.com,Unavailable,,,,,
https://www.scsuntimes.com,Available,,,,,
https://www.seacoastonline.com,Available,,,,,
http://www.seattlepi.com,Unavailable,,,,,
http://www.sekvoice.com,Unavailable,,,,,
http://www.sentinel-standard.com,Unavailable,,,,,
http://www.shipnc.com,Unavailable,,,,,
https://www.shorelinemedia.net,Unavailable,,,,,
http://www.siftingsherald.com,Unavailable,,,,,
https://www.siskiyoudaily.com,Available,,,,,
http://www.sj-r.com,Unavailable,,,,,
http://www.sjnewsonline.com,Unavailable,,,,,
https://www.sleepyeyenews.com,Available,,,,,
https://www.somdnews.com,Unavailable,,,,,
http://www.sonomawest.com,Unavailable,,,,,
http://www.sooeveningnews.com,Unavailable,,,,,
http://www.southcoasttoday.com,Unavailable,,,,,
http://www.southeastsun.com,Unavailable,,,,,
http://www.southerndigest.com,Unavailable,,,,,
http://www.southernminn.com,Unavailable,,,,,
http://www.southjerseylocalnews.com,Unavailable,,,,,
https://www.stamfordadvocate.com,Available,,,,,
http://www.standard-journal.com,Unavailable,,,,,
http://www.starbeacon.com,Unavailable,,,,,
https://www.starcourier.com,Available,,,,,
http://www.steubencourier.com,Unavailable,https://archive.is/1Tddz,,,,
https://www.stjamesnews.com,Available,,,,,
http://www.stlamerican.com,Unavailable,,,,,
https://www.stljewishlight.com,Unavailable,,,,,
http://www.sturgisjournal.com,Unavailable,,,,,
http://www.stuttgartdailyleader.com,Unavailable,,,,,
http://www.sulphurdailynews.com,Unavailable,,,,,
http://www.sunad.com,Available,,,,,
http://www.suncoastnews.com,Unavailable,,,,,
http://www.suncommercial.com,Unavailable,,,,,
https://www.sussexcountian.com,Available,,,,,
http://www.swiowanewssource.com,Unavailable,,,,,
http://www.swtimes.com,Unavailable,,,,,
https://www.taftmidwaydriller.com,Available,,,,,
http://www.tauntongazette.com,Unavailable,,,,,
http://www.tdtnews.com,Unavailable,,,,,
http://www.technicianonline.com,Unavailable,,,,,
http://www.tehachapinews.com,Unavailable,,,,,
http://www.telegraphherald.com,Unavailable,,,,,
https://www.teutopolispress.com,Available,,,,,
https://www.the-leader.com,Available,,,,,
http://www.the-messenger.com,Unavailable,,,,,
http://www.thearabtribune.com,Unavailable,,,,,
http://www.thebatt.com,Unavailable,,,,,
http://www.theblacksheartimes.com,Unavailable,,,,,
https://www.thecarbondalenews.com,Available,,,,,
https://www.theclarionnews.com,Unavailable,,,,,
http://www.thecolgatemaroonnews.com,Unavailable,,,,,
http://www.thecourierexpress.com,Unavailable,,,,,
http://www.thecrier.net,Unavailable,,,,,
http://www.thedailyreporter.com,Unavailable,,,,,
https://www.thedaonline.com,Unavailable,,,,,
https://www.thederrick.com,Unavailable,,,,,
http://www.theeastcarolinian.com,Unavailable,https://archive.fo/ZfL62,,,,
http://www.theflume.com,Unavailable,,,,,
http://www.thegardnernews.com,Unavailable,,,,,
http://www.thegurdontimes.com,Unavailable,,,,,
http://www.thehawkeye.com,Unavailable,,,,,
https://www.thehour.com,Available,,,,,
https://www.theintell.com,Available,,,,,
http://www.theintelligencer.com,Unavailable,,,,,
http://www.thejournal-news.net,Available,,,,,
http://www.thekansan.com,Unavailable,,,,,
http://www.themountainmail.com,Unavailable,,,,,
http://www.thenewsenterprise.com,Unavailable,,,,,
http://www.thenewsherald.com,Unavailable,https://archive.fo/aFIb3,,,,
http://www.thepauwwow.org,Unavailable,https://archive.fo/YFb5e,,,,
http://www.theperrychief.com,Unavailable,,,,,
https://www.thepilot.com,Unavailable,,,,,
http://www.theprogressnews.com,Unavailable,,,,,
https://www.therecordherald.com,Available,,,,,
http://www.thereflector.com,Unavailable,,,,,
http://www.therolladailynews.com,Unavailable,,,,,
http://www.theshorthorn.com,Unavailable,,,,,
http://www.thesuburban.com,Unavailable,https://archive.is/FQuDw,,,,
http://www.thesuburbanite.com,Unavailable,,,,,
https://www.thesunchronicle.com,Available,,,,,
http://www.thesuntimes.com,Unavailable,,,,,
http://www.thesylvaherald.com,Unavailable,,,,,
http://www.thetelegraph.com,Unavailable,,,,,
http://www.thetigernews.com,Unavailable,,,,,
http://www.thetrailblazeronline.net,Unavailable,,,,,
http://www.thisweeknews.com,Unavailable,,,,,
https://www.timesleader.net,Unavailable,,,,,
https://www.timesonline.com,Available,,,,,
http://www.timestelegram.com,Unavailable,,,,,
http://www.tiogapublishing.com,Unavailable,,,,,
http://www.titusvilleherald.com,Available,,,,,
http://www.tootimid.com,Unavailable,https://archive.fo/zRPJq,,,,
http://www.trinityjournal.com,Unavailable,,,,,
http://www.uatrav.com,Unavailable,,,,,
http://www.unifiednewsgroup.com,Unavailable,,,,,
https://www.union-bulletin.com,Unavailable,,,,,
http://www.utdailybeacon.com,Unavailable,,,,,
http://www.vanburencountydem.com,Unavailable,,,,,
http://www.videtteonline.com,Unavailable,,,,,
http://www.villanovan.com,Unavailable,,,,,
http://www.virginislandsdailynews.com,Unavailable,,,,,
http://www.voicenews.com,Unavailable,,,,,
http://www.vvdailypress.com,Unavailable,,,,,
https://www.walkermn.com,Unavailable,,,,,
http://www.waltontribune.com,Unavailable,,,,,
http://www.warrenrecord.com,Unavailable,,,,,
http://www.washburnreview.org,Unavailable,,,,,
https://www.washingtontimesreporter.com,Available,,,,,
https://www.wayneindependent.com,Available,,,,,
https://www.waynepost.com,Available,,,,,
http://www.waynesvilledailyguide.com,Unavailable,,,,,
http://www.wdtimes.com,Unavailable,,,,,
http://www.weatherfarm.com,Unavailable,,,,,
https://www.weeklycitizen.com,Available,,,,,
http://www.wellingtondailynews.com,Unavailable,,,,,
https://www.wellsvilledaily.com,Available,,,,,
https://www.westernherald.com,Unavailable,,,,,
http://www.whitehalljournal.com,Unavailable,,,,,
http://www.wickedlocal.com,Unavailable,,,,,
http://www.wickenburgsun.com,Unavailable,,,,,
http://www.winchesternewsgazette.com,Unavailable,,,,,
https://www.winchesterstar.com,Unavailable,,,,,
http://www.wkyc.com,Unavailable,,,,,
https://www.woodfordtimes.com,Available,,,,,
http://www.wpnews.com,Unavailable,,,,,
http://www.wspynews.com,Unavailable,,,,,
https://www.wtxl.com,Available,,,,,
https://www.wyomingbusinessreport.com,Unavailable,,,,,
http://www.youralaskalink.com,Unavailable,,,,,
http://www.yourgv.com,Unavailable,,,,,
https://agdealer.com,Unavailable,https://archive.fo/J3CNt,,,,
https://auburnpub.com,Unavailable,,,,,
https://azdailysun.com,Unavailable,,,,,
https://beatricedailysun.com,Unavailable,,,,,
https://billingsgazette.com,Unavailable,,,,,
https://bismarcktribune.com,Unavailable,,,,,
https://buffaloreflex.com,Unavailable,,,,,
https://ccheadliner.com,Unavailable,,,,,
https://chippewa.com,Unavailable,,,,,
https://columbustelegram.com,Unavailable,,,,,
https://countrymedia.net,Available,,,,,
https://cumberlink.com,Unavailable,,,,,
https://dailyjournalonline.com,Unavailable,,,,,
https://democratherald.com,Unavailable,,,,,
https://dnews.com,Unavailable,,,,,
https://douglascountysentinel.com,Available,https://archive.is/19PgY,,,,
https://elkodaily.com,Unavailable,,,,,
https://enquirerjournal.com,Available,,,,,
https://farmmedia.com,Unavailable,https://archive.fo/asGxx,,,,
https://farmzilla.com,Unavailable,https://archive.fo/8xBMS,,,,
https://food52.com,Available,,,,,
https://fremonttribune.com,Unavailable,,,,,
https://globegazette.com,Unavailable,,,,,
https://goblackfin.com,Unavailable,,,,,
https://griffindailynews.com,Available,,,,,
https://hanfordsentinel.com,Unavailable,,,,,
https://helenair.com,Unavailable,,,,,
https://hendersondispatch.com,Available,,,,,
https://herald-review.com,Unavailable,,,,,
https://hpenews.com,Available,,,,,
https://investorjunkie.com,Available,https://web.archive.org/web/20180823060142/https://welcome.investorjunkie.com/not-available/?url=/,,,,
https://jg-tc.com,Unavailable,,,,,
https://journalstar.com,Unavailable,,,,,
https://journaltimes.com,Unavailable,,,,,
https://krispykreme.com,Available,https://web.archive.org/web/20180908143456/https://krispykreme.com/legal/gdpr-notice,,,,
https://lacrossetribune.com,Unavailable,,,,,
https://lancasteronline.com,Unavailable,,,,,
https://lebanon-express.com,Unavailable,,,,,
https://lee.net,Unavailable,,,,,
https://lexch.com,Unavailable,,,,,
https://lmtribune.com,Unavailable,,,,,
https://lompocrecord.com,Unavailable,,,,,
https://madison.com,Unavailable,,,,,
https://magicvalley.com,Unavailable,,,,,
https://marketing.usatoday.com,Unavailable,http://web.archive.org/web/20180825055343/http://eu-message.usatoday.com/,,,,
https://missoulanews.com,Unavailable,,,,,
https://missoulian.com,Unavailable,,,,,
https://motosport.com,Available,http://web.archive.org/web/20180826085935/https://static-content.motosport.com/GDPR/index.html,,,,
https://mtstandard.com,Unavailable,,,,,
https://muscatinejournal.com,Unavailable,,,,,
https://mywnynews.com,Available,,,,,
https://napavalleyregister.com,Unavailable,,,,,
https://newstopicnews.com,Available,,,,,
https://northcoastcitizen.com,Available,,,,,
https://northernstar.info,Unavailable,,,,,
https://observer-reporter.com,Unavailable,,,,,
https://pilotonline.com,Unavailable,,,,,
https://poststar.com,Unavailable,,,,,
https://qconline.com,Unavailable,,,,,
https://qctimes.com,Unavailable,,,,,
https://radaronline.com,Unavailable,,,,,
https://rapidcityjournal.com,Unavailable,,,,,
https://ravallirepublic.com,Unavailable,,,,,
https://rrdailyherald.com,Available,https://archive.fo/VrYYW,,,,
https://sanfordherald.com,Available,,,,,
https://santamariatimes.com,Unavailable,,,,,
https://siouxcityjournal.com,Unavailable,,,,,
https://spoonuniversity.com,Unavailable,https://web.archive.org/web/20180816033206/https://gdpr.spoonuniversity.com/,https://webrecorder.io/verifiedjoseph/451-unavailable-due-to-legal-reasons-gdpr/https://gdpr.spoonuniversity.com/,,,
https://starlocalmedia.com,Unavailable,,,,,
https://starmagazine.com,Unavailable,,,,,
https://syvnews.com,Unavailable,,,,,
https://tdn.com,Unavailable,,,,,
https://thealmanac.net,Unavailable,,,,,
https://thebrunswicknews.com,Unavailable,,,,,
https://thedigitalcourier.com,Available,,,,,
https://thehockeynews.com,Available,,,,,
https://themountainpress.com,Available,,,,,
https://thesouthern.com,Unavailable,,,,,
https://thetandd.com,Unavailable,,,,,
https://theworldlink.com,Unavailable,,,,,
https://times-georgian.com,Available,,,,,
https://townnews.com,Available,,,,,
https://trib.com,Unavailable,,,,,
https://tubitv.com,Unavailable,https://archive.fo/knQd7,https://web.archive.org/web/20180730231934/https://gdpr.tubi.tv/,,,
https://tucson.com,Unavailable,,,,,
https://tylerpaper.com,Unavailable,,,,,
https://ultimategarage.com,Unavailable,,,,,
https://unroll.me,Unavailable,https://www.webcitation.org/71ctNPSfZ,https://web.archive.org/web/20180727022630/https://gdpr-eu.unroll.me/,,,
https://wcfcourier.com,Unavailable,,,,,
https://wkuherald.com,Unavailable,,,,,
https://www.11alive.com,Unavailable,,,,,
https://www.12newsnow.com,Unavailable,,,,,
https://www.13wmaz.com,Unavailable,,,,,
https://www.99acres.com,Available,https://archive.fo/24l2Q,,,,
https://www.9news.com,Unavailable,,,,,
https://www.abc10.com,Unavailable,,,,,
https://www.aberdeennews.com,Unavailable,,,,,
https://www.adamscountyextra.com,Available,,,,,
https://www.adn.com,Available,https://archive.fo/1qcXd,https://web.archive.org/web/20180729175010/https://www.adn.com/redirect-gdpr/?outputType=noscript,,,
https://www.agupdate.com,Unavailable,,,,,
https://www.aikenstandard.com,Available,,,,,
https://www.albanyherald.com,Unavailable,,,,,
https://www.alicetx.com,Unavailable,,,,,
https://www.alliednews.com,Unavailable,,,,,
https://www.alligator.org,Unavailable,,,,,
https://www.amarillo.com,Unavailable,,,,,
https://www.americanisraelite.com,Unavailable,,,,,
https://www.americanmediainc.com,Unavailable,,,,,
https://www.americanpress.com,Unavailable,https://archive.is/eQRey,,,,
https://www.amny.com,Unavailable,https://web.archive.org/web/20180809203128/https://projects.newsday.com/gdpr/,https://webrecorder.io/verifiedjoseph/451-unavailable-due-to-legal-reasons-gdpr/list/other/b6/20180716213104/https://projects.newsday.com/gdpr/,,,
https://www.amtrib.com,Unavailable,,,,,
https://www.anchoragepress.com,Unavailable,,,,,
https://www.andovertownsman.com,Unavailable,https://archive.fo/Vi6rW,,,,
https://www.annistonstar.com,Unavailable,,,,,
https://www.apalachtimes.com,Unavailable,,,,,
https://www.apgwest.com,Unavailable,,,,,
https://www.appeal-democrat.com,Available,,,,,
https://www.ardmoreite.com,Unavailable,,,,,
https://www.argus-press.com,Unavailable,,,,,
https://www.argusobserver.com,Unavailable,,,,,
https://www.ashepostandtimes.com,Unavailable,,,,,
https://www.aspendailynews.com,Available,,,,,
https://www.athensmessenger.com,Unavailable,,,,,
https://www.athensnews.com,Unavailable,,,,,
https://www.athensreview.com,Unavailable,,,,,
https://www.atlanticcityweekly.com,Unavailable,,,,,
https://www.augustachronicle.com,Unavailable,,,,,
https://www.autoweb.com,Unavailable,,,,,
https://www.avenuenews.com,Unavailable,,,,,
https://www.averyjournal.com,Unavailable,,,,,
https://www.bakersfield.com,Unavailable,,,,,
https://www.baltimoresun.com,Available,https://archive.fo/txDfv,https://www.webcitation.org/716OdpbD7,,,
https://www.banderabulletin.com,Unavailable,,,,,
https://www.bangordailynews.com,Unavailable,https://archive.is/OEpOq,,,,
https://www.baseballhq.com,Unavailable,https://archive.is/7Yfdq,https://web.archive.org/web/20180726165544/http://eu-message.usatoday.com/,,,
https://www.batesvilleheraldtribune.com,Unavailable,https://archive.fo/3x4Wk,,,,
https://www.bctv.org,Available,,,,,
https://www.bdtonline.com,Unavailable,https://archive.fo/cDiYd,,,,
https://www.beacononlinenews.com,Unavailable,,,,,
https://www.beaumontenterprise.com,Unavailable,,,,,
https://www.bensonnews-sun.com,Unavailable,,,,,
https://www.berkeleyind.com,Available,,,,,
https://www.bgdailynews.com,Unavailable,,,,,
https://www.bgfalconmedia.com,Unavailable,,,,,
https://www.billoreilly.com,Unavailable,,,,,
https://www.bladeempire.com,Available,https://archive.fo/RKjhf,,,,
https://www.bloominbrands.com,Unavailable,,,,,
https://www.blueridgenow.com,Unavailable,,,,,
https://www.blufftontoday.com,Unavailable,,,,,
https://www.boarsheadresort.com,Unavailable,,,,,
https://www.bonefishgrill.com,Unavailable,,,,,
https://www.bozemandailychronicle.com,Unavailable,,,,,
https://www.breezejmu.org,Unavailable,,,,,
https://www.brownsvilleherald.com,Unavailable,,,,,
https://www.brownwoodtx.com,Unavailable,,,,,
https://www.bryantimes.com,Unavailable,,,,,
https://www.businessobserverfl.com,Unavailable,,,,,
https://www.cadillacnews.com,Unavailable,,,,,
https://www.caledonianrecord.com,Unavailable,,,,,
https://www.cantonrep.com,Unavailable,,,,,
https://www.capecodtimes.com,Unavailable,,,,,
https://www.capemaycountyherald.com,Unavailable,,,,,
https://www.capenews.net,Available,,,,,
https://www.capitalgazette.com,Available,https://archive.fo/G72zy,https://web.archive.org/web/20180804160126/http://www.tronc.com/gdpr/capitalgazette.com/,,,
https://www.capjournal.com,Unavailable,,,,,
https://www.carrabbas.com,Unavailable,,,,,
https://www.carriagetownenews.com,Unavailable,https://archive.fo/RUyxY,,,,
https://www.carrollcountytimes.com,Available,https://archive.fo/bMonU,https://web.archive.org/web/20180801145213/http://www.tronc.com/gdpr/carrollcountytimes.com/,,,
https://www.cavaliercountyextra.com,Available,,,,,
https://www.cbs19.tv,Unavailable,,,,,
https://www.cecildaily.com,Unavailable,,,,,
https://www.celebretainment.com,Unavailable,,,,,
https://www.chicagotribune.com,Available,https://archive.fo/cjghP,https://web.archive.org/web/20180811180214/http://www.tronc.com/gdpr/chicagotribune.com/,,,
https://www.chickashanews.com,Unavailable,https://archive.fo/Pwvse,,,,
https://www.chieftain.com,Available,,,,,
https://www.chipleypaper.com,Unavailable,,,,,
https://www.chronicleonline.com,Unavailable,,,,,
https://www.circlevilleherald.com,Unavailable,,,,,
https://www.citizentribune.com,Unavailable,,,,,
https://www.citypaper.com,Available,https://archive.fo/YQiCn,https://web.archive.org/web/20180711011102/http://www.tronc.com/gdpr/citypaper.com/,,,
https://www.cjonline.com,Unavailable,,,,,
https://www.claremoreprogress.com,Unavailable,https://archive.is/MLrMA,,,,
https://www.cleburnetimesreview.com,Unavailable,https://archive.is/9IJ1i,,,,
https://www.clevelandjewishnews.com,Unavailable,,,,,
https://www.clintonherald.com,Unavailable,https://archive.is/nlx2i,,,,
https://www.cnhi.com,Unavailable,,,,,
https://www.collegian.psu.edu,Unavailable,,,,,
https://www.columbiadailyherald.com,Unavailable,,,,,
https://www.columbiamissourian.com,Available,,,,,
https://www.commercial-news.com,Unavailable,https://archive.fo/yYo4L,,,,
https://www.conwaydailysun.com,Unavailable,,,,,
https://www.coopercrier.com,Unavailable,https://archive.fo/ECU0d,,,,
https://www.corsicanadailysun.com,Unavailable,https://archive.fo/YKdhK,,,,
https://www.courant.com,Available,https://archive.fo/iZE6f,https://web.archive.org/web/20180811135819/http://www.tronc.com/gdpr/courant.com/,,,
https://www.courier-tribune.com,Unavailable,,,,,
https://www.creightonian.com,Unavailable,,,,,
https://www.crescent-news.com,Unavailable,,,,,
https://www.crestviewbulletin.com,Unavailable,,,,,
https://www.crossville-chronicle.com,Unavailable,https://archive.fo/p98D8,,,,
https://www.crowrivermedia.com,Unavailable,,,,,
https://www.ctnow.com,Available,https://archive.fo/1qd03,https://web.archive.org/web/20180813112827/http://www.tronc.com/gdpr/ctnow.com/,,,
https://www.cullmantimes.com,Unavailable,,,,,
https://www.daily-jeff.com,Unavailable,,,,,
https://www.daily-journal.com,Unavailable,,,,,
https://www.dailyamerican.com,Unavailable,,,,,
https://www.dailycitizen.news,Unavailable,,,,,
https://www.dailycomet.com,Unavailable,,,,,
https://www.dailycommercial.com,Unavailable,,,,,
https://www.dailyindependent.com,Unavailable,,,,,
https://www.dailyiowegian.com,Unavailable,,,,,
https://www.dailyitem.com,Unavailable,,,,,
https://www.dailylocal.com,Unavailable,,,,,
https://www.dailypress.com,Available,https://archive.fo/QoMIr,https://web.archive.org/web/20180811135808/http://www.tronc.com/gdpr/dailypress.com/,,,
https://www.dailyprogress.com,Unavailable,,,,,
https://www.dailyrecordnews.com,Unavailable,,,,,
https://www.dailytribune.com,Unavailable,,,,,
https://www.dailyunion.com,Unavailable,,,,,
https://www.dallasweekly.com,Available,,,,,
https://www.dcmilitary.com,Unavailable,,,,,
https://www.decaturdaily.com,Unavailable,,,,,
https://www.delaware1059.com,Unavailable,,,,,
https://www.delcotimes.com,Unavailable,,,,,
https://www.deltanews.tv,Unavailable,,,,,
https://www.dentonrc.com,Available,,,,,
https://www.derrynews.com,Unavailable,https://archive.fo/VTbQV,,,,
https://www.dispatch.com,Unavailable,,,,,
https://www.dothaneagle.com,Unavailable,,,,,
https://www.douglasdispatch.com,Unavailable,,,,,
https://www.duncanbanner.com,Unavailable,,,,,
https://www.eacourier.com,Unavailable,,,,,
https://www.eagletimes.com,Unavailable,,,,,
https://www.eagletribune.com,Unavailable,,,,,
https://www.easternprogress.com,Unavailable,,,,,
https://www.edinburgreview.com,Unavailable,,,,,
https://www.edmondsun.com,Unavailable,https://archive.fo/poreH,,,,
https://www.effinghamdailynews.com,Unavailable,,,,,
https://www.elgincourier.com,Available,,,,,
https://www.elkharttruth.com,Unavailable,,,,,
https://www.elkvalleytimes.com,Unavailable,,,,,
https://www.elvocero.com,Available,,,,,
https://www.empiretoday.com,Unavailable,,,,,
https://www.energy-tech.com,Available,,,,,
https://www.enewscourier.com,Unavailable,,,,,
https://www.enidnews.com,Unavailable,,,,,
https://www.enterprisenews.com,Unavailable,,,,,
https://www.examiner-enterprise.com,Unavailable,,,,,
https://www.farmforum.net,Unavailable,,,,,
https://www.farmtalknewspaper.com,Unavailable,https://archive.fo/u2W99,,,,
https://www.fauquier.com,Available,,,,,
https://www.fayettetribune.com,Unavailable,,,,,
https://www.fayobserver.com,Unavailable,,,,,
https://www.fhtimes.com,Unavailable,,,,,
https://www.firstcoastnews.com,Unavailable,,,,,
https://www.flexonline.com,Unavailable,,,,,
https://www.flyafter5.com,Unavailable,,,,,
https://www.flyergroup.com,Unavailable,,,,,
https://www.fontanaheraldnews.com,Unavailable,,,,,
https://www.fox10tv.com,Unavailable,,,,,
https://www.fox15abilene.com,Unavailable,,,,,
https://www.fredericknewspost.com,Unavailable,,,,,
https://www.fredericksburg.com,Unavailable,,,,,
https://www.free-times.com,Available,,,,,
https://www.frontiersman.com,Unavailable,,,,,
https://www.gadsdentimes.com,Unavailable,,,,,
https://www.gainesville.com,Unavailable,,,,,
https://www.gainesvilleregister.com,Unavailable,https://archive.fo/CMM6Z,,,,
https://www.galvnews.com,Unavailable,,,,,
https://www.gastongazette.com,Unavailable,,,,,
https://www.gazettetimes.com,Unavailable,,,,,
https://www.gazettextra.com,Unavailable,,,,,
https://www.gillettenewsrecord.com,Unavailable,,,,,
https://www.gjsentinel.com,Unavailable,,,,,
https://www.glasgowdailytimes.com,Unavailable,https://archive.fo/Iri2r,,,,
https://www.globemagazine.com,Unavailable,,,,,
https://www.gloucestertimes.com,Unavailable,https://archive.fo/zNhSx,,,,
https://www.godanriver.com,Unavailable,,,,,
https://www.goshennews.com,Unavailable,https://archive.fo/uhfKI,,,,
https://www.goskagit.com,Unavailable,,,,,
https://www.goupstate.com,Unavailable,,,,,
https://www.grandlakenews.com,Unavailable,,,,,
https://www.greenevillesun.com,Unavailable,,,,,
https://www.greensboro.com,Unavailable,,,,,
https://www.greensburgdailynews.com,Unavailable,https://archive.fo/Ti71m,,,,
https://www.gvnews.com,Unavailable,,,,,
https://www.gwinnettdailypost.com,Unavailable,,,,,
https://www.harborcountry-news.com,Unavailable,,,,,
https://www.havasunews.com,Unavailable,,,,,
https://www.havenews.com,Unavailable,,,,,
https://www.henryherald.com,Unavailable,,,,,
https://www.heraldandnews.com,Unavailable,,,,,
https://www.heraldargus.com,Unavailable,,,,,
https://www.heraldbanner.com,Unavailable,https://archive.fo/Zy55w,,,,
https://www.heraldchronicle.com,Unavailable,,,,,
https://www.heraldcourier.com,Unavailable,,,,,
https://www.heraldextra.com,Unavailable,,,,,
https://www.heraldmailmedia.com,Unavailable,,,,,
https://www.heraldpalladium.com,Unavailable,,,,,
https://www.heraldstandard.com,Unavailable,,,,,
https://www.heraldtribune.com,Available,,,,,
https://www.hgazette.com,Unavailable,,,,,
https://www.hickoryrecord.com,Unavailable,,,,,
https://www.highcountrync.com,Unavailable,,,,,
https://www.highlandnews.net,Unavailable,,,,,
https://www.hjnews.com,Unavailable,,,,,
https://www.hmbreview.com,Available,,,,,
https://www.homemagonline.com,Unavailable,,,,,
https://www.hometownsource.com,Unavailable,,,,,
https://www.hoosiertimes.com,Unavailable,,,,,
https://www.houmatimes.com,Unavailable,,,,,
https://www.houmatoday.com,Unavailable,,,,,
https://www.houstonherald.com,Unavailable,,,,,
https://www.iberianet.com,Unavailable,,,,,
https://www.idahopress.com,Unavailable,,,,,
https://www.idahostatejournal.com,Unavailable,,,,,
https://www.ifallsjournal.com,Unavailable,,,,,
https://www.ilnews.org,Unavailable,,,,,
https://www.indeonline.com,Unavailable,,,,,
https://www.independenttribune.com,Unavailable,,,,,
https://www.indiaabroad.com,Available,,,,,
https://www.indianagazette.com,Unavailable,,,,,
https://www.indiawest.com,Unavailable,,,,,
https://www.inforney.com,Unavailable,,,,,
https://www.insidetucsonbusiness.com,Unavailable,,,,,
https://www.insightnews.com,Unavailable,,,,,
https://www.instapaper.com,Available,https://web.archive.org/web/20180709161855/https://www.instapaper.com/gdpr,,,,
https://www.isustudentmedia.com,Unavailable,,,,,
https://www.itemonline.com,Unavailable,,,,,
https://www.ithaca.com,Unavailable,,,,,
https://www.ivpressonline.com,Available,,,,,
https://www.jacksonprogress-argus.com,Unavailable,,,,,
https://www.jacksonville.com,Unavailable,,,,,
https://www.jacksonvilleprogress.com,Unavailable,,,,,
https://www.jaxairnews.com,Unavailable,,,,,
https://www.jaxdailyrecord.com,Unavailable,https://archive.fo/U8utN,,,,
https://www.jdnews.com,Unavailable,,,,,
https://www.jhnewsandguide.com,Unavailable,,,,,
https://www.joplinglobe.com,Unavailable,,,,,
https://www.journalexpress.net,Unavailable,,,,,
https://www.journalinquirer.com,Unavailable,,,,,
https://www.journalnow.com,Unavailable,,,,,
https://www.journalpatriot.com,Available,,,,,
https://www.journalscene.com,Available,,,,,
https://www.kare11.com,Unavailable,,,,,
https://www.kcentv.com,Unavailable,,,,,
https://www.kctv5.com,Unavailable,,,,,
https://www.kearneyhub.com,Unavailable,,,,,
https://www.kenoshanews.com,Unavailable,,,,,
https://www.kens5.com,Unavailable,,,,,
https://www.kgw.com,Unavailable,,,,,
https://www.khou.com,Unavailable,,,,,
https://www.king5.com,Unavailable,,,,,
https://www.kingstreenews.com,Available,,,,,
https://www.kinston.com,Unavailable,,,,,
https://www.kpcnews.com,Available,,,,,
https://www.kpvi.com,Unavailable,,,,,
https://www.krem.com,Unavailable,,,,,
https://www.ksdk.com,Unavailable,,,,,
https://www.ktbs.com,Unavailable,,,,,
https://www.ktvb.com,Unavailable,,,,,
https://www.kvue.com,Unavailable,,,,,
https://www.kxan.com,Unavailable,,,,,
https://www.laconiadailysun.com,Unavailable,,,,,
https://www.lakeexpo.com,Unavailable,,,,,
https://www.lancasterfarming.com,Unavailable,,,,,
https://www.lavozlancaster.com,Unavailable,,,,,
https://www.lifebuzz.com,Unavailable,,,,,
https://www.lincolntimesnews.com,Unavailable,,,,,
https://www.livingstonparishnews.com,Unavailable,,,,,
https://www.lockportjournal.com,Unavailable,,,,,
https://www.lodinews.com,Available,,,,,
https://www.loganbanner.com,Unavailable,,,,,
https://www.logandaily.com,Unavailable,,,,,
https://www.loudountimes.com,Unavailable,,,,,
https://www.lubbockonline.com,Unavailable,,,,,
https://www.macombdaily.com,Unavailable,,,,,
https://www.marshallnewsmessenger.com,Unavailable,,,,,
https://www.martinsvillebulletin.com,Unavailable,,,,,
https://www.mayportmirror.com,Unavailable,,,,,
https://www.mcalesternews.com,Unavailable,,,,,
https://www.mcall.com,Available,https://archive.fo/0dmsw,https://web.archive.org/web/20180807160552/http://www.tronc.com/gdpr/mcall.com/,,,
https://www.mcdowellnews.com,Unavailable,,,,,
https://www.mdjonline.com,Unavailable,,,,,
https://www.meadvilletribune.com,Unavailable,,,,,
https://www.mensjournal.com,Unavailable,,,,,
https://www.meridianstar.com,Unavailable,,,,,
https://www.miamiok.com,Unavailable,,,,,
https://www.midlothianmirror.com,Unavailable,,,,,
https://www.militarynews.com,Unavailable,,,,,
https://www.mineralwellsindex.com,Unavailable,,,,,
https://www.montgomery-herald.com,Unavailable,,,,,
https://www.montrosepress.com,Unavailable,,,,,
https://www.mooreamerican.com,Unavailable,,,,,
https://www.mooresvilletribune.com,Unavailable,,,,,
https://www.morganhilltimes.com,Available,,,,,
https://www.morganton.com,Unavailable,,,,,
https://www.morongocasinoresort.com,Unavailable,,,,,
https://www.moultrienews.com,Available,,,,,
https://www.moultrieobserver.com,Unavailable,,,,,
https://www.mtexpress.com,Unavailable,,,,,
https://www.murfreesboropost.com,Unavailable,,,,,
https://www.murrayledger.com,Unavailable,,,,,
https://www.muscleandfitness.com,Unavailable,,,,,
https://www.muskogeephoenix.com,Unavailable,,,,,
https://www.myeasternshoremd.com,Unavailable,https://webrecorder.io/verifiedjoseph/451-unavailable-due-to-legal-reasons-gdpr/list/other/b5/20180716212136/https://www.musiciansfriend.com/,,,,
https://www.myheraldreview.com,Unavailable,,,,,
https://www.myhorrynews.com,Unavailable,,,,,
https://www.myjournalcourier.com,Unavailable,,,,,
https://www.mysoutex.com,Unavailable,,,,,
https://www.mysuncoast.com,Available,,,,,
https://www.nationalenquirer.com,Unavailable,,,,,
https://www.ncaa.com,Available,https://webrecorder.io/verifiedjoseph/451-unavailable-due-to-legal-reasons-gdpr/20180716213332/https://international.ncaa.com/,,,,
https://www.ndinsider.com,Unavailable,,,,,
https://www.nelighnews.com,Unavailable,,,,,
https://www.newarkpostonline.com,Unavailable,,,,,
https://www.newbernsj.com,Unavailable,,,,,
https://www.newburyportnews.com,Unavailable,,,,,
https://www.news-daily.com,Unavailable,,,,,
https://www.news-journal.com,Unavailable,,,,,
https://www.news-journalonline.com,Unavailable,,,,,
https://www.news-star.com,Unavailable,,,,,
https://www.newsadvance.com,Unavailable,,,,,
https://www.newsaegis.com,Unavailable,,,,,
https://www.newsandtribune.com,Unavailable,,,,,
https://www.newschief.com,Unavailable,,,,,
https://www.newsday.com,Unavailable,https://webrecorder.io/verifiedjoseph/451-unavailable-due-to-legal-reasons-gdpr/20180716213104/https://projects.newsday.com/gdpr/,https://web.archive.org/web/20180809203128/https://projects.newsday.com/gdpr/,,,
https://www.newsherald.com,Unavailable,,,,,
https://www.newsitem.com,Unavailable,,,,,
https://www.newsmirror.net,Unavailable,,,,,
https://www.niagara-gazette.com,Unavailable,,,,,
https://www.njeffersonnews.com,Unavailable,,,,,
https://www.nogalesinternational.com,Unavailable,,,,,
https://www.nonpareilonline.com,Unavailable,,,,,
https://www.normantranscript.com,Unavailable,,,,,
https://www.northaugustastar.com,Available,,,,,
https://www.northcentralpa.com,Unavailable,,,,,
https://www.northfulton.com,Unavailable,,,,,
https://www.nptelegraph.com,Unavailable,,,,,
https://www.nrtoday.com,Unavailable,,,,,
https://www.nuvo.net,Unavailable,,,,,
https://www.nwfdailynews.com,Unavailable,,,,,
https://www.nwitimes.com,Unavailable,,,,,
https://www.nwmissourinews.com,Unavailable,,,,,
https://www.oakridger.com,Unavailable,,,,,
https://www.oanow.com,Unavailable,,,,,
https://www.oaoa.com,Unavailable,,,,,
https://www.obsentinel.com,Unavailable,,,,,
https://www.ocala.com,Unavailable,,,,,
https://www.omaha.com,Unavailable,,,,,
https://www.onlineathens.com,Unavailable,,,,,
https://www.orangeobserver.com,Unavailable,,,,,
https://www.orlandosentinel.com,Available,https://archive.fo/nlf5I,https://web.archive.org/web/20180811073027/http://www.tronc.com/gdpr/orlandosentinel.com/,,,
https://www.ormondbeachobserver.com,Unavailable,,,,,
https://www.oskaloosa.com,Unavailable,,,,,
https://www.ottumwacourier.com,Unavailable,,,,,
https://www.ourgazette.com,Available,,,,,
https://www.outback.com,Unavailable,,,,,
https://www.paintsvilleherald.com,Unavailable,,,,,
https://www.palestineherald.com,Unavailable,,,,,
https://www.palmcoastobserver.com,Unavailable,,,,,
https://www.pantagraph.com,Unavailable,,,,,
https://www.parkerpioneer.net,Unavailable,,,,,
https://www.parsonssun.com,Available,,,,,
https://www.paulsvalleydailydemocrat.com,Unavailable,,,,,
https://www.pawhuskajournalcapital.com,Unavailable,,,,,
https://www.pawtuckettimes.com,Available,,,,,
https://www.paysonroundup.com,Unavailable,,,,,
https://www.pellachronicle.com,Unavailable,,,,,
https://www.petoskeynews.com,Unavailable,,,,,
https://www.pharostribune.com,Unavailable,,,,,
https://www.pinalcentral.com,Unavailable,,,,,
https://www.pjstar.com,Unavailable,,,,,
https://www.placerherald.com,Available,,,,,
https://www.plantcityobserver.com,Available,,,,,
https://www.portorangeobserver.com,Unavailable,,,,,
https://www.postandcourier.com,Available,,,,,
https://www.postbulletin.com,Unavailable,,,,,
https://www.postguam.com,Available,,,,,
https://www.postregister.com,Unavailable,,,,,
https://www.pottsmerc.com,Unavailable,,,,,
https://www.pressofatlanticcity.com,Unavailable,,,,,
https://www.presspubs.com,Unavailable,,,,,
https://www.pressregister.com,Available,https://archive.is/mkEuH,,,,
https://www.pressrepublican.com,Unavailable,,,,,
https://www.primepublishers.com/,Unavailable,,,,,
https://www.prosperpressnews.com,Unavailable,,,,,
https://www.ptonline.net,Unavailable,,,,,
https://www.purdueexponent.org,Unavailable,,,,,
https://www.pvnews.com,Unavailable,,,,,
https://www.pvvt.com,Available,,,,,
https://www.rawlinstimes.com,Available,,,,,
https://www.record-courier.com,Unavailable,,,,,
https://www.record-eagle.com,Unavailable,,,,,
https://www.recorderonline.com,Available,,,,,
https://www.recordonline.com,Unavailable,,,,,
https://www.recordstar.com,Unavailable,,,,,
https://www.redandblack.com,Unavailable,,,,,
https://www.register-herald.com,Unavailable,,,,,
https://www.registercitizen.com,Available,,,,,
https://www.registerguard.com,Unavailable,,,,,
https://www.reporter.net,Unavailable,,,,,
https://www.rexburgstandardjournal.com,Unavailable,,,,,
https://www.ricentral.com,Available,,,,,
https://www.richlandsource.com,Unavailable,,,,,
https://www.richmond.com,Unavailable,,,,,
https://www.richmondregister.com,Unavailable,,,,,
https://www.roanoke.com,Unavailable,,,,,
https://www.rockdalenewtoncitizen.com,Unavailable,,,,,
https://www.rockwallheraldbanner.com,Unavailable,,,,,
https://www.roysecityheraldbanner.com,Unavailable,,,,,
https://www.runnelscountyregister.com,Unavailable,,,,,
https://www.rushvillerepublican.com,Unavailable,,,,,
https://www.sahuaritasun.com,Unavailable,,,,,
https://www.salemnews.com,Unavailable,,,,,
https://www.sandiegouniontribune.com,Available,https://archive.fo/UgrKk,https://web.archive.org/web/20180811140013/http://www.tronc.com/gdpr/sandiegouniontribune.com/,,,
https://www.savannahnow.com,Unavailable,,,,,
https://www.scnow.com,Unavailable,,,,,
https://www.sedaliademocrat.com,Unavailable,,,,,
https://www.sent-trib.com,Unavailable,,,,,
https://www.sentinel-echo.com,Unavailable,,,,,
https://www.sentinelsource.com,Unavailable,,,,,
https://www.sharonherald.com,Unavailable,,,,,
https://www.shelbystar.com,Unavailable,,,,,
https://www.shelbyvilledailyunion.com,Unavailable,,,,,
https://www.shoes.com,Available,,,,,
https://www.sidneyherald.com,Unavailable,,,,,
https://www.smdailyjournal.com,Available,,,,,
https://www.soapoperadigest.com,Unavailable,,,,,
https://www.somerset-kentucky.com,Unavailable,https://archive.fo/vxGYk,,,,
https://www.southbendtribune.com,Unavailable,,,,,
https://www.southernchestercountyweeklies.com,Unavailable,,,,,
https://www.southstrandnews.com,Available,,,,,
https://www.srpressgazette.com,Unavailable,,,,,
https://www.ssnewstelegram.com,Unavailable,,,,,
https://www.stardem.com,Unavailable,,,,,
https://www.starexponent.com,Unavailable,,,,,
https://www.starfl.com,Unavailable,,,,,
https://www.starherald.com,Unavailable,,,,,
https://www.starnewsonline.com,Unavailable,,,,,
https://www.statesville.com,Unavailable,,,,,
https://www.staugustine.com,Unavailable,,,,,
https://www.stltoday.com,Unavailable,https://archive.fo/DK3A1,,,,
https://www.stowetoday.com,Unavailable,,,,,
https://www.stwnewspress.com,Unavailable,,,,,
https://www.sun-sentinel.com,Available,https://archive.fo/iY8JB,https://web.archive.org/web/20180809123210/http://www.tronc.com/gdpr/sun-sentinel.com/,,,
https://www.sustainablecitynetwork.com,Available,,,,,
https://www.suwanneedemocrat.com,Unavailable,,,,,
https://www.swnewsmedia.com,Unavailable,,,,,
https://www.swvatoday.com,Unavailable,,,,,
https://www.tahlequahdailypress.com,Unavailable,,,,,
https://www.tbnweekly.com,Unavailable,,,,,
https://www.tctimes.com,Unavailable,,,,,
https://www.telegram.com,Unavailable,,,,,
https://www.telluridenews.com,Unavailable,,,,,
https://www.tetonvalleynews.net,Unavailable,,,,,
https://www.the-daily-record.com,Unavailable,,,,,
https://www.the-dispatch.com,Unavailable,,,,,
https://www.the-review.com,Unavailable,,,,,
https://www.theadanews.com,Unavailable,,,,,
https://www.theadvocate.com,Available,,,,,
https://www.thecabin.net,Unavailable,,,,,
https://www.thechartonline.com,Unavailable,,,,,
https://www.thechiefnews.com,Unavailable,,,,,
https://www.thechronicleonline.com,Unavailable,,,,,
https://www.thedailyreview.com,Unavailable,,,,,
https://www.thedailystar.com,Unavailable,,,,,
https://www.thedailytimes.com,Unavailable,,,,,
https://www.thedestinlog.com,Unavailable,,,,,
https://www.theeagle.com,Unavailable,,,,,
https://www.thefranklinnewspost.com,Unavailable,,,,,
https://www.theindependent.com,Unavailable,,,,,
https://www.thelandonline.com,Unavailable,,,,,
https://www.theledger.com,Available,,,,,
https://www.themonitor.com,Available,,,,,
https://www.themoreheadnews.com,Unavailable,,,,,
https://www.themorningsun.com,Unavailable,,,,,
https://www.themountaineer.com,Unavailable,,,,,
https://www.thenewsdispatch.com,Unavailable,,,,,
https://www.thenewsguard.com,Unavailable,,,,,
https://www.theoaklandpress.com,Unavailable,,,,,
https://www.thepenn.org,Unavailable,,,,,
https://www.thepress.net,Unavailable,,,,,
https://www.thepublicopinion.com,Unavailable,,,,,
https://www.theredstonerocket.com,Unavailable,,,,,
https://www.thereporteronline.com,Unavailable,,,,,
https://www.thesouthend.wayne.edu,Unavailable,,,,,
https://www.thetimesnews.com,Unavailable,,,,,
https://www.thetimestribune.com,Unavailable,,,,,
https://www.thevermilion.com,Unavailable,,,,,
https://www.thevillagesdailysun.com,Unavailable,,,,,
https://www.thevindicator.com,Unavailable,,,,,
https://www.thv11.com,Unavailable,,,,,
https://www.tiftongazette.com,Unavailable,,,,,
https://www.tillamookheadlightherald.com,Unavailable,,,,,
https://www.times-gazette.com,Unavailable,,,,,
https://www.times-news.com,Unavailable,https://archive.fo/N9lT5,,,,
https://www.timesdaily.com,Unavailable,,,,,
https://www.timesenterprise.com,Unavailable,,,,,
https://www.timesherald.com,Unavailable,,,,,
https://www.timesreporter.com,Unavailable,,,,,
https://www.timessentinel.com,Unavailable,,,,,
https://www.timeswv.com,Unavailable,,,,,
https://www.topsailadvertiser.com,Unavailable,,,,,
https://www.trentonian.com,Unavailable,,,,,
https://www.tribdem.com,Unavailable,,,,,
https://www.tribstar.com,Unavailable,https://archive.fo/9Lug3,,,,
https://www.tribuneledgernews.com,Unavailable,,,,,
https://www.trinidadexpress.com,Available,,,,,
https://www.tucsonlocalmedia.com,Unavailable,,,,,
https://www.tullahomanews.com,Unavailable,,,,,
https://www.tulsaworld.com,Unavailable,,,,,
https://www.tuscaloosanews.com,Unavailable,,,,,
https://www.tv6tnt.com,Available,,,,,
https://www.unionrecorder.com,Unavailable,,,,,
https://www.usmagazine.com,Unavailable,,,,,
https://www.uticaod.com,Unavailable,,,,,
https://www.vagazette.com,Available,http://web.archive.org/web/20180902173059/http://www.tronc.com/gdpr/vagazette.com/,,,,
https://www.valdostadailytimes.com,Unavailable,,,,,
https://www.valleymorningstar.com,Unavailable,,,,,
https://www.vanalstyneleader.com,Unavailable,,,,,
https://www.victoriaadvocate.com,Unavailable,,,,,
https://www.virginiamn.com,Unavailable,,,,,
https://www.voiceofalexandria.com,Unavailable,,,,,
https://www.voxmagazine.com,Available,,,,,
https://www.wacotrib.com,Unavailable,,,,,
https://www.wahoo-ashland-waverly.com,Unavailable,,,,,
https://www.wahpetondailynews.com,Unavailable,,,,,
https://www.waltonsun.com,Unavailable,,,,,
https://www.washtimesherald.com,Unavailable,,,,,
https://www.wataugademocrat.com,Unavailable,,,,,
https://www.watchdog.org,Unavailable,,,,,
https://www.waxahachietx.com,Unavailable,,,,,
https://www.wbir.com,Unavailable,,,,,
https://www.wcnc.com,Unavailable,,,,,
https://www.wcoutlook.com,Unavailable,,,,,
https://www.wdel.com,Unavailable,,,,,
https://www.weatherforddemocrat.com,Unavailable,,,,,
https://www.westport-news.com,Available,,,,,
https://www.westvalleyview.com,Unavailable,,,,,
https://www.wfaa.com,Unavailable,,,,,
https://www.wfmynews2.com,Unavailable,,,,,
https://www.wgrz.com,Unavailable,,,,,
https://www.whas11.com,Unavailable,,,,,
https://www.willcoxrangenews.com,Unavailable,,,,,
https://www.williamsondailynews.com,Unavailable,,,,,
https://www.willistonherald.com,Unavailable,,,,,
https://www.winonadailynews.com,Unavailable,,,,,
https://www.wiscnews.com,Unavailable,,,,,
https://www.wisconsingazette.com,Unavailable,,,,,
https://www.wltx.com,Unavailable,,,,,
https://www.wmicentral.com,Unavailable,,,,,
https://www.woodwardnews.net,Unavailable,,,,,
https://www.woonsocketcall.com,Available,,,,,
https://www.wsmv.com,Unavailable,,,,,
https://www.wtsp.com,Unavailable,,,,,
https://www.wusa9.com,Unavailable,,,,,
https://www.wvgazettemail.com,Unavailable,,,,,
https://www.wvnews.com,Unavailable,,,,,
https://www.wwltv.com,Unavailable,,,,,
https://www.wyomingnews.com,Unavailable,,,,,
https://www.wzzm13.com,Unavailable,,,,,
https://www.yakimaherald.com,Available,,,,,
https://www.yankton.net,Unavailable,,,,,
https://www.yorknewstimes.com,Unavailable,,,,,
https://www.yourglenrosetx.com,Unavailable,,,,,
https://www.yourobserver.com,Unavailable,,,,,
https://www.yourstephenvilletx.com,Unavailable,,,,,
https://www.yoursun.com,Unavailable,,,,,
https://www.yourvalleyvoice.com,Unavailable,,,,,
https://www.yumasun.com,Available,,,,,
https://www.musiciansfriend.com,Available,,,,,
https://www.sltrib.com,Unavailable,,,,,
https://www.winnipegfreepress.com,Unavailable,,,,,
https://www.brandonsun.com,Unavailable,,,,,
https://www.faceplusplus.com,Available,,,,,
https://wgntv.com,Unavailable,,,,,
https://pix11.com,Unavailable,,,,,
https://ktla.com,Unavailable,,,,,
https://phl17.com,Unavailable,,,,,
https://cw33.com,Unavailable,,,,,
https://q13fox.com,Unavailable,,,,,
http://sflcw.com,Unavailable,,,,,
https://kdvr.com,Unavailable,,,,,
https://fox8.com,Unavailable,,,,,
https://fox40.com,Unavailable,,,,,
https://fox5sandiego.com,Unavailable,,,,,
https://kplr11.com,Unavailable,,,,,
https://fox2now.com,Unavailable,,,,,
http://portlandscw.com,Unavailable,,,,,
https://fox59.com,Unavailable,,,,,
https://cbs4indy.com,Unavailable,,,,,
https://fox61.com,Unavailable,,,,,
https://fox4kc.com,Unavailable,,,,,
https://fox13now.com,Unavailable,,,,,
https://fox6now.com,Unavailable,,,,,
https://fox17online.com,Unavailable,,,,,
https://kfor.com,Unavailable,,,,,
https://fox43.com,Unavailable,,,,,
https://wtkr.com,Unavailable,,,,,
https://myfox8.com,Unavailable,,,,,
https://wreg.com,Unavailable,,,,,
https://wgno.com,Unavailable,,,,,
https://wnep.com,Unavailable,,,,,
https://wtvr.com,Unavailable,,,,,
https://whotv.com,Unavailable,,,,,
https://whnt.com,Unavailable,,,,,
https://wqad.com,Unavailable,,,,,
https://5newsonline.com,Unavailable,,,,,
https://wgnradio.com,Unavailable,,,,,
https://cltv.com,Unavailable,,,,,
https://cw39.com,Unavailable,,,,,
https://dcw50.com,Unavailable,,,,,
https://wgem.com,Available,,,,,
http://www.news9.com,Unavailable,,,,,
http://www.newson6.com,Unavailable,,,,,
http://www.tulsacw.com,Unavailable,,,,,
https://www.kcci.com,Unavailable,,,,,
https://www.kcra.com,Unavailable,,,,,
https://www.ketv.com,Unavailable,,,,,
http://www.4029tv.com,Unavailable,,,,,
https://www.kmbc.com,Unavailable,,,,,
https://www.koat.com,Unavailable,,,,,
https://www.koco.com,Unavailable,,,,,
https://www.ksbw.com,Unavailable,,,,,
https://www.wapt.com,Unavailable,,,,,
https://www.wbaltv.com,Unavailable,,,,,
https://www.wcvb.com,Unavailable,,,,,
https://www.wdsu.com,Unavailable,,,,,
https://www.wesh.com,Unavailable,,,,,
https://www.wgal.com,Unavailable,,,,,
https://www.wisn.com,Unavailable,,,,,
https://www.wjcl.com,Unavailable,,,,,
https://www.wlky.com,Unavailable,,,,,
https://www.wlwt.com,Unavailable,,,,,
https://www.mor-tv.com,Unavailable,,,,,
https://www.wmtw.com,Unavailable,,,,,
https://www.wmur.com,Unavailable,,,,,
https://www.wpbf.com,Unavailable,,,,,
https://www.mynbc5.com,Unavailable,,,,,
https://www.wtae.com,Unavailable,,,,,
https://www.wvtm13.com,Unavailable,,,,,
https://www.wxii12.com,Unavailable,,,,,
https://www.wyff4.com,Unavailable,,,,,
http://www.wbal.com,Unavailable,,,,,
https://kbjr6.com,Available,,,,,
https://ktiv.com,Available,,,,,
https://kttc.com,Available,,,,,
https://kwwl.com,Available,,,,,
https://myfox47.com,Available,,,,,
https://waow.com,Available,,,,,
https://wbng.com,Available,,,,,
https://week.com,Available,,,,,
https://wkow.com,Available,,,,,
https://wpta21.com,Available,,,,,
https://wqow.com,Available,,,,,
https://wrex.com,Unavailable,,,,,
https://wvva.com,Available,,,,,
https://wxow.com,Available,,,,,
https://www.dallasnews.com,Unavailable,,,,,
https://sportsday.dallasnews.com,Unavailable,,,,,
https://www.post-gazette.com,Unavailable,,,,,
https://www.ellos.us,Unavailable,,,,,
https://www.fullbeauty.com,Available,,,,,
https://www.jessicalondon.com,Unavailable,,,,,
https://www.brylanehome.com,Available,,,,,
https://www.cgtn.com,Available,,,,,
https://hoiabc.com,Available,,,,,